review_group,Text,Label,tfidf_pred,bert_pred,manual_verdict
both_wrong_same_label,"সেই প্রথম টিভির পর্দায় দেখার সময় তোর কথার ভং আর চলাচলে বুঝছিলাম তুই খুব অহংকারী, গরবি হবি,তোর নাটক ত দেখিই না এখন থেকে সলিটভাবে না দেখার চেস্টা করব,তোদের মত সেলিব্রিটির আমার বালের সাথে গিট্টু লাগিয়ে রাখি,তোকে এক রাত চুদার জন্য চাই,রেট জানিয়ে দিস কত নিবি,একটা নাটকের চাইতেও ভাল ডিমান্ড দিব।।",Harassment,Sexual Aggression,Sexual Aggression,
both_wrong_same_label,আপনার জানালা জে সবসময় খোলা থাকে সেটা সবাই জানে।বয়স হয়েছে এখন জানালা বন্ধ রাখার চেষ্টা করেন,Neutral,Sexual Aggression,Sexual Aggression,
both_wrong_same_label,"বাবু তুমি তো আমার ক্রাশ ছিলা,তুমি যে এতো বড় খানকি সেটা তো আমি জানতাম নাআজকে থেকে ক্রাশ কেটে গেছে",Neutral,Sexual Aggression,Sexual Aggression,
both_wrong_same_label,তোরে জীবন্ত কবর দেওয়া উচিত।,Hate Speech,Violent Extremism,Violent Extremism,
both_wrong_same_label,কলিজার টুকরা কুত্তা ভাইওয়াট এ ক্যাপশনজাতি শিহরিত এইটা দেখে,Neutral,Harassment,Harassment,
both_wrong_same_label,তাদের বিচার চাই,Neutral,Violent Extremism,Violent Extremism,
both_wrong_same_label,দাদা আসসালামু আলাইকুম আমার বাড়ি রংপুরে আমি আপনার একজন প্রানপ্রিয় ভক্ত আপনার সব ভিডিও দেখি অনেকে খারাপ মন্তব্য করে আপনি যে সব মানুষ কে খারাপ বলেন তা না যাড়া ভালো তাদেরকে ভালোই বলেন আপনার সব থেকে একটা বড় গুন হলো মানুষের পেছনে সমালোচনা করেন না সে যেই হোক মুখের ওপর বলেন বাস্তব জীবনে দেখা হয়তো নাও হতে পারে যদি আমার সাথে ফোনে এক মিনিট কথা বলতেন একজন ভক্ত হিসেবে সাথক হতাম আমার ফোন নাম্বার ০১৭১১১৪২৮৯৯,Sexual Aggression,Neutral,Neutral,
both_wrong_same_label,ফাতরামি একটা সীমা থাকা উচিত হিরো আলম থেকে মানুষ কি শিখবে এর কোন অ্যাঙ্গেল টা বলেন তো একটু ভালো একে যারা সাপোর্ট করে তারা একটু বলেন যে ভাই এই দিক দিয়ে খুব ভালো লোক,Harassment,Neutral,Neutral,
both_wrong_same_label,নুতুবেল,Sexual Aggression,Harassment,Harassment,
both_wrong_same_label,শুভেচ্চা সেনবাগ নোয়খালী র পক্ষ্য থেকে,Harassment,Neutral,Neutral,
both_wrong_same_label,তর নাটক তুই দেখ মাগি তরে সেফুদার কুত্তা দিয়া চুদায়।ওই নাস্তিক মাগি তুউ ত তর বাপের বিচি ও দেহস নায় তাইলে তুই কইতে হয়লি???,Sexual Aggression,Hate Speech,Hate Speech,
both_wrong_same_label,বাঙালীদের হাজার হাজার লাখ লাখ গালি খেয়ে টিকে থাকার নাম ই Safa Kabir,Neutral,Harassment,Harassment,
both_wrong_same_label,বইন টিকা নেওয়া হয়নি এই মাসে?,Harassment,Neutral,Neutral,
both_wrong_same_label,টাঙ্গাইলের চমচমবগুড়ার দইঢাকা থেকে ডিল মারলাম নুনুর বিচি সইকেমন দিলাম বন্ডুরা,Harassment,Sexual Aggression,Sexual Aggression,
both_wrong_same_label,"সাফা তার একটা কথাই তার সম্পুর্ন ক্যারিয়ার নষ্ট করে দিলো,,,,!",Neutral,Harassment,Harassment,
both_wrong_same_label,ছবি তোলাও শেষ ধান কাটাও শেষ,Harassment,Neutral,Neutral,
both_wrong_same_label,"হায়রে কপাল। দেশভাগের গল্প দিচ্ছে। হাস্যকর। মানুষের কথা বাদ দিলাম, আমার পরিচিত বহু হিন্দু ছোট ভাই বোন পরিবার সমেত আমেরিকা পাড়ি দিয়েছে গত কয়েক বছরে। তারা কি বিতারিত না নির্যাতিত কোনটা?",Violent Extremism,Neutral,Neutral,
both_wrong_same_label,শালা মর আগে বুঝবি,Harassment,Violent Extremism,Violent Extremism,
both_wrong_same_label,ওনি জন্মের পর ওনার বাবাকে দেকেননি ও চিনেনওনা তাই ওনার খুব,Neutral,Harassment,Harassment,
both_wrong_same_label,"অসভ্য , ইতর ও শুওর ছানায় দেশ ভরপুর । অতএব শুওরছানারা যা কিছু মেনে চলে ও বিশ্বাষ করে তা আপনাকেও মেনে চলতে হবে ।",Violent Extremism,Harassment,Harassment,
both_wrong_same_label,আঙ্কেল আমি কখন দিয়ে দিছি।রেসাল্ট কখন দিবেন? অনেক অপেক্ষা করতেছি।,Harassment,Neutral,Neutral,
both_wrong_same_label,"কালাম্মা তুমি নাকি পরকাল বিশ্বাস কর না,,,ওই বোকা চুদা কয় কি,,,তাহলে তোর বাপের বিচি আছে সেটা বিশ্বাস করলি কি করে,,তোর বাপের তো বিচি দেখসনাই কখনো,,কারণ তোই তো যা চোখে দেখসনা তা বিশ্বাস করস না...তোর বাপের বিচি কয়টা রে!!!সালী পুন মাইরা গাছের উপর তোলে রাখমু!",Harassment,Sexual Aggression,Sexual Aggression,
both_wrong_same_label,এসব ক্যাপশন দিয়ে-মাগিত্য লুকানো যায়নারে জাহান্নমী পাপী,Hate Speech,Sexual Aggression,Sexual Aggression,
both_wrong_same_label,অবাক হয়ে তাকিয়ে রই...!!প্রিয় তোমার পাছা কই...!!!সালমান কি করলি দাদো।,Neutral,Sexual Aggression,Sexual Aggression,
both_wrong_same_label,অাজ থেকে তোর সকল নাটক চাওয়া বন্ধ।,Neutral,Violent Extremism,Violent Extremism,
both_wrong_same_label,"আল্লাহপাক চরম কাফের কেও কাফের বলতে নিষেধ করেছেন কারন মরনের আগে যদি অই কাফের আল্লাহ ও রাসুল সাল্লাল লাহু আলাইহে ওয়াসাল্লাম এর উপর ঈমান আনে তাহলে যারা কাফেরকে কাফের ডেকেছিল তারাই গুনাহগার হবে। কাজেই সাফা কবির কি বলেছে তা নিয়ে কা কা না করে আমি পরিপূর্ণ ঈমানদার কিনা যাচাই করি। আর আল্লাহর দরবারে প্রারথনা করি যেন আল্লাহ সাফাকবিরকে সঠিক ঈমানি জ্ঞান দান করেন, হেদায়েত দান করেন। আর হাদিসে আছে যে অপরের পাপের কথা গোপন রাখবে কাল কিয়ামতের ময়দানে আল্লাহ তার পাপও গোপন রাখবেন।",Harassment,Hate Speech,Hate Speech,
both_wrong_same_label,"তর জন্ম কিভাবে হইচে তা কেই দেখে নাই,,, তাহলে আমারা কি ধরে নিব তুই ****",Sexual Aggression,Harassment,Harassment,
both_wrong_same_label,অনেক পাগলামি করেছিলো। রাস্তা ঘাটে চেচা-মেচি করতো অামার সাথে দেখা করার জন্যে। শেষমেশ বুঝতে পারলাম সব কিছুই ছিল নাটকের রিয়াকসেল। হাহাহাহা,Neutral,Harassment,Harassment,
both_wrong_same_label,ধর্ষণ রোধে প্রতি ইউনিয়নে পতিতালয় চালু করা হোক,Neutral,Sexual Aggression,Sexual Aggression,
both_wrong_same_label,এদের জুতা মেরে দেশ থেকে বিতাড়িত করা উচিৎ,Hate Speech,Violent Extremism,Violent Extremism,
both_wrong_same_label,"এরা হলো বেশ্যা, বাংলা ভাষা এদের পরিচয় ,Abdur Rohim",Harassment,Sexual Aggression,Sexual Aggression,
both_wrong_same_label,ফাঁসি চাই,Neutral,Violent Extremism,Violent Extremism,
both_wrong_same_label,সে কি করল তা নিয়ে দেখছি পাবলিকের মাথা খারাপ।তার যা ভাললাগ সে তা বলুক তাতে আমাদের কি ওর পরকাল নিয়ে।,Neutral,Hate Speech,Hate Speech,
both_wrong_same_label,সবাই দেখি নস্টা মেয়ে সাফা কবিরকে নিয়ে কমেন্ট করতেছেন।ভাল হলেও মুরগী চোরের মেয়ে আর কত ভাল হবে?ফিল্ম জগতটাই বেইশ্যাদের দখলে।সে কত ভাল হবে,Sexual Aggression,Harassment,Harassment,
both_wrong_same_label,তোমার হাসি ভালোবাসি,Harassment,Neutral,Neutral,
both_wrong_same_label,রবীন্দ্র রেও ছাড়লো না,Sexual Aggression,Neutral,Neutral,
both_wrong_same_label,তাহলে রাতে আমার থেকে ইমু নাম্বার চায় কেনো?,Harassment,Neutral,Neutral,
both_wrong_same_label,কৃষক লীগের কাউকে দেখা যাচ্ছেনা,Harassment,Neutral,Neutral,
both_wrong_same_label,সালি তুই কি মরবি না,Hate Speech,Harassment,Harassment,
both_wrong_same_label,"অামার মনে হয় সাপা কবির একজন হিজড়া। উনার নিচের অংশ দেখি নাই, তাই অামার ডাউট অাছে এতে",Harassment,Sexual Aggression,Sexual Aggression,
both_wrong_same_label,এল্লাগাই তুই বারোবাতারি,Harassment,Sexual Aggression,Sexual Aggression,
both_wrong_same_label,অশ্লীল সুন্দর,Sexual Aggression,Neutral,Neutral,
both_wrong_same_label,তর চেহারাটা কুত্তার মত।তরে মনডাই কইতাছে জুতা দিয়া পিটাই।।,Harassment,Violent Extremism,Violent Extremism,
both_wrong_same_label,"সাফার কবিরের উদ্দেশ্যে--""আপনি কি আপনার মা-বাবাকে যৌণ সঙ্গম করতে দেখেছেন?না দেখে কিভাবে উনাদেরকে মা বাবা মেনে নিচ্ছেন??আপনার মা কে জিজ্ঞাস করে নিয়েন যাকে আপনি বাবা ডাকছেন উনি আপনার আসল বাবা কিনা,নাকি অন্য কেউ আছে??কারণ আপনিতো না দেখে কিছু বিশ্বাস করেন নাহ।",Harassment,Sexual Aggression,Sexual Aggression,
both_wrong_same_label,"মিয়া খলিফাকে শাড়ী পড়ালে কিন্ত এর চেয়ে কম সুন্দর দেখাবেনা, পোশাকে নয় তার আচরন, কাজে তার পরিচয়। জনগন তোমার পরিচয় জানে। তুমি চেহারা বিক্রি করেছ, তোমার রুপ সৌন্দর্য আর কত বছর থাকবে? মানুষ আজও হিটলারকে মনে রেখেছে,আর তুমিও পাবলিকের মনে থাকবে :(",Sexual Aggression,Harassment,Harassment,
both_wrong_same_label,"আচ্ছা, শাফা খবিশ কুত্তা নাকি কুত্তি ওরে তো কখনো উলঙ্গ দেখি নাই,আমরা না দেখে কিভাবে বিশ্বাস করবো ও কুত্তি",Sexual Aggression,Harassment,Harassment,
both_wrong_same_label,ওদের হয়তো প্রয়োজন ফুরিয়ে গেছে । তাঁরা ভেবেছে যে মেয়েটা এত আবদার করেছে তাই দুই একটা সিনেমায় অভিনয় করিয়ে সোজা ঢাকার রাস্তা দেখিয়ে ফেয়ারওয়েল আয়োজন করেছে,Neutral,Harassment,Harassment,
both_wrong_same_label,"ডিয়ার এডমিন, আপনি জানেন কি একটি গোলাকার গাছের ৪ পাশ দিয়ে ঘন্টায় ৮০ কিঃ মিঃ বেগে দৌড়াইলে আপনি নিজের পুটকি নিজে মারতে পারবেন..?",Harassment,Sexual Aggression,Sexual Aggression,
both_wrong_same_label,আগে তুই মর তার পর বুঝবি পরকাল কত পোকার এবং কি কি,Hate Speech,Violent Extremism,Violent Extremism,
both_wrong_same_label,এখানো তো আমরা চাউল চোরদের কন্ট্রোল করতে পারলাম না।করোনা কি ভাবে কন্ট্রোল করবো।,Neutral,Harassment,Harassment,
both_wrong_different_label,"বাবা শাহরিয়ার কবির, মা খুসি কবির, ছেলে জন কবির,মেয়ে সাফা কবির।",Neutral,Sexual Aggression,Harassment,
both_wrong_different_label,"বাইন চুদ তোর জন্য অনেক কথা শুনতে হয় অন্য অন্য দেশের মানুষের কাছে,,, বলে বাংলাদেশে আর কি হবে, তোদের দেশের নায়ক হিরো আলম....",Harassment,Neutral,Sexual Aggression,
both_wrong_different_label,"আসসালামু মালাইকুম ও রহমতুল্লাহ বারাকা,নায়েব আলী ভাই ভালো আছেন,এগুলার মা বাবার ই ইসলামি শিক্ষা নাই। মেয়ে কোথা থেকে শিখবে,,,,",Sexual Aggression,Neutral,Hate Speech,
both_wrong_different_label,এদের জ্ঞান দাও প্রভু।,Hate Speech,Harassment,Neutral,
both_wrong_different_label,কত খেলা যে খেল্লা তুমি...ইন্ডিয়া যাইয়া ত' শেষ কইরা ফেলছ জীবনডা...রমজানে আইসা পর্দা বাহ বাহ....,Hate Speech,Sexual Aggression,Harassment,
both_wrong_different_label,ওর জানাজা হবে না,Hate Speech,Harassment,Violent Extremism,
both_wrong_different_label,"এরা মানুষ না,,,,,,,,,,,, এদের জন্ম ঠিক নাই,,,,",Neutral,Hate Speech,Harassment,
both_wrong_different_label,আইচ্ছা ভাবির পরনে কি প্যান্ট আছে,Sexual Aggression,Harassment,Neutral,
both_wrong_different_label,ঢাকার জাস্ট ফ্রেন্ডগুলোরে দুদু খাওয়াতে গেছে,Neutral,Sexual Aggression,Harassment,
both_wrong_different_label,মনে রাখবেন যারা মিডিয়ায় কাজ করে এদের ৯৯% হলো জাফর ইকবালের ভক্ত এদের মধ্যে ইসলামের ব্যাপারে শুধুই বিদ্বেশ আছে। দয়া করে সকলেই রিপোর্ট করুন,Harassment,Violent Extremism,Hate Speech,
both_wrong_different_label,কয় বার খাইস????,Sexual Aggression,Neutral,Harassment,
both_wrong_different_label,মিথিলার পোস্ট দেখা মানে আমার আবার Covid-18 চেক করা!!,Harassment,Neutral,Sexual Aggression,
both_wrong_different_label,আজ ডেটল দিয়ে পরিষ্কার করছি।,Neutral,Violent Extremism,Sexual Aggression,
both_wrong_different_label,"উনি সেই আমল থেকেই গ্ৰুপ সেক্সে মত্ত ছিল,ভাবা যায় এগুলো!",Sexual Aggression,Neutral,Harassment,
both_wrong_different_label,ইফতারের পর ছবি uplode করবা বাবু....,Sexual Aggression,Harassment,Neutral,
both_wrong_different_label,"যখন অন্যায়, অবিচার, জুলুম,অশ্লীলতা, নগ্নতা, পাপাচার বেড়ে যায়, তখন আল্লাহর রহমত পৃথিবী থেকে উঠে যায়. আল্লাহ তায়ালা তখন নানা ধরনের বিপর্যয় দিয়ে মানুষকে সতর্ক করেন. মহান আল্লাহর ঘোষণা "" তোমাদের উপর যে বিপদ-আপদ আসে তা তোমাদের হাতের কামাই. আর অনেক অপরাধ তো তিনিই ক্ষমা করে দেন. ( সূরা- আশ শূরাঃ ৩০). আমরা আল্লাহর রহমত চাই. করুণা চাই. ক্ষমা চাই.. এহেন দুরারোগ্য ব্যধি থেকে মুক্তি চাই./ একমাত্র আল্লাহ ই সকল রোগের নিরাময়কারী.করোনা ভাইরাস (কোভিড-১৯) প্রতিরোধে বাংলাদেশ সরকারের যথাযথ উদ্যোগ নিতে হবে. দেশের প্রবেশ পথ সমূহে করোনা ভাইরাস শনাক্ত করনে প্রয়োজনীয় পদক্ষেপ নেয়া দরকার. দেশের জনগণ যাতে সুস্থ ও রোগ ব্যধিমুক্ত অবস্থায় জীবন যাপন করতে পারে. সেজন্য সরকারকে সতর্ক ভূমিকা পালন করতে হবে. করোনা ভাইরাস প্রতিরোধের উপকরণ সমূহ সহজলভ্য করার জন্য সরকারকে ব্যবস্থা গ্রহণ করতে হবে.",Hate Speech,Neutral,Sexual Aggression,
both_wrong_different_label,ঝানুটাহ,Sexual Aggression,Neutral,Harassment,
both_wrong_different_label,সাফার বিশসাস অবিশসাস এ পরকালের কিচ্ছু আসে যায় না।গরুকে যতই বলা হোক যে দেয়ালের ও পাশে ঘাস আছে সে বুজবে না।পরকাল আসবেই।,Neutral,Harassment,Sexual Aggression,
both_wrong_different_label,আজ যদি হযরত ওমর রাদিয়াল্লাহু আনহু থাকতো তাহলে ওর কল্লা নামায় দিত,Violent Extremism,Neutral,Hate Speech,
both_wrong_different_label,জীবনটা এক চোদনময়,Harassment,Neutral,Sexual Aggression,
both_wrong_different_label,মাঠে আসো খেলা হবে,Harassment,Neutral,Violent Extremism,
both_wrong_different_label,দুইদিন পর নিজের হুগায় নিজেই থাব্রাইব,Sexual Aggression,Neutral,Harassment,
both_wrong_different_label,"বর্তমানে কে বাবা আর কে মা সেটা প্রমাণ করা যায়। সাফা কবির বিশ্বাস করুক আর নাই করুক ওটা তার ব্যক্তিগত ব্যাপার, এতে সৃষ্টিকর্তার কিছু আসে যায় না",Neutral,Hate Speech,Sexual Aggression,
both_wrong_different_label,"পরকাল বিশ্বাস করেন আর নাই করেন সেটা আমাদের দেখার বিষয় না তবে মানুষের মধ্যে বিভ্রান্তি ছড়াবেন না।তবে মনে রাখবেন ইসলাম সর্ব উত্তম জীবন ব্যাবস্তা..?একটু অনুরোধ রইল সব ধর্ম সম্পর্কে একটু জানুন দেখবেন ইসলাম সম্পর্কে কোন সন্দেহের অবকাশ থাকবেনা..?তবে কষ্ট লাগে তখন,যখন নিজেকে মুসলিম দাবী করে ইসলাম সম্পর্কে কিছুই যানেনা। ইসলামের মৌলিক বিষয় কিছুই জানেনা তখন বুক ফেটে কান্না আসে..???",Sexual Aggression,Hate Speech,Neutral,
both_wrong_different_label,কিরে ভাই তোর কি মরার ভয় নাই..?,Violent Extremism,Neutral,Harassment,
both_wrong_different_label,"আজকে প্রিয়া সাহার বক্তব্যে যাদের পটু জ্বলে গেছে, তার বিরুদ্ধে মামলা করার কথা ভাবছেন! বর্হিবিশ্বে দেশের ভাবমূর্তি ক্ষুন্ন হওয়ার কথা বলছেন! হেফাজতের লাখ লাখ হেফাজতির গুম-খুনের প্রোপাগান্ডার বেলায় দেশের ভাবমূর্তি কোথায় ছিল? তাদের বিরুদ্ধে কয়টি মামলা করেছেন?",Hate Speech,Harassment,Neutral,
both_wrong_different_label,আপনার এখন ছিক্স প্যাক দরকার,Neutral,Sexual Aggression,Harassment,
both_wrong_different_label,ওরে ভুদাই ইমতিয়াজ সালা তোরে না কত বার করে মামা করেছি পরিকে নিয়ে কোন প্রকার আজে বাজে কথা বলবি না।,Harassment,Violent Extremism,Sexual Aggression,
both_wrong_different_label,"ওর জরায়ুতে নুন, মরিচ দেয়া লাগবে,তাইলে বুজবেনে।",Harassment,Violent Extremism,Sexual Aggression,
both_wrong_different_label,আসসালামু আলাইকুম যারা মানুষের সমালোচনা করে তাদেরকে ঘৃণা করি কারণ বাংলাদেশের চলচ্চিত্রের যারা নিয়ে ব্যবসা করে তারাই দেশের শত্রু এবং জাহিদ খান বলেছে হিরো আলম কে সিনেমা হারে হিরো আলমের যতটুক সম্মান আছে জাহিদ খান আরো 100 বছর চলচ্চিত্র থাকলেও এতোটুকু সম্মান পাবনা কারণ হিরো আলমকে ও বলছে হিরো আলম কে চিনেনা ও ও বলেছে মিউজিক করে সে নাকি হিরো আলম হিরো বলতে বাংলাদেশ রাজ্জাক আলমগীর ফারুক তারাই বাংলাদেশের হিরো আর কি বলব বাংলাদেশের আরেকজন হিরো আলম একটা ছবি করেছে মার ছক্কা মুভি আরেকটা মুভি সাহসে হিরো আলম এই মুভিটা মুক্তি পাবে 27 তারিখ,Sexual Aggression,Harassment,Neutral,
only_bert_correct,আমি তোমার ওই নগ্ন দেহের উষ্ণতা পেতে চাই। তোমায় কামে ভাসিয়ে দিতে চাই।,Sexual Aggression,Neutral,Sexual Aggression,
only_bert_correct,বাবা ছেলের দুষ্টুমি ভালোই লাগছে।,Neutral,Harassment,Neutral,
only_bert_correct,"প্রত্যেক ব্যক্তি তার কাজের সেই ফলই পাবে,যা সে নিয়্যত করেছে। (সহীহ বুখারী)",Neutral,Harassment,Neutral,
only_bert_correct,টার্গেট বিক্রম,Neutral,Harassment,Neutral,
only_bert_correct,আছে যেহেতু সে পরকাল বিশ্বাস করে না তাহলে তার বাবা মার বিয়ে দেখে নাই তাহলে সে তার বাবাকে কেমন করে বাবা ডাকে,Hate Speech,Harassment,Hate Speech,
only_bert_correct,বাংলা ছবির দর্শক দিনদিন কমে যাচ্ছে কারন হতে পারে। যে খানে যা লাগে তা দিতে পারেনা।,Neutral,Harassment,Neutral,
only_bert_correct,"যারা সাফা কবিরের বাপ মা তুলে গালাগালি করে, তার নামে গিবত, অপবাদ দিয়ে নিজের ইমানের পরিচয় দিচ্ছেন তারা দয়া করে নিজের ভুলের জন্য তার কাছ থেকে মাফ চেয়ে নিয়েন,নাইলে কিন্তু পরকালে আপনার ভোগান্তি আছে.....আরে ভাই তার ইমানে দুর্বলতা আছে ঠিক আছে আমরা চেষ্টা করতে পারি।সে আমাদের ধর্মের বোন।হয়তো সে ভুল পথে আছে।তাকে বোঝাতে পারি।আল্লহ তার প্রতি রহমত করেছেন যে তার কাফের অবস্থায় মৃত্যু হয়নি।আল্লহ তাকে হয়তো সুযোগ দিয়েছেন। এখন আমাদের দায়িত্ব তাকে ইসলামের সঠিক দাওয়াত দেওয়া।আর আল্লহর নিকট শুকরিয়া আদায় করা আমাদের ইমানের জন্য।ইনশাআল্লহ আমাদের চেষ্টাতো আল্লহ কবুলও করতে পারে।ভাই নবী(সঃ)চেষ্টা করেছেন কখনও জোর করেননি ।আর হেদায়েতের মালিক আল্লহ।দাওয়াত দেন তাকে মুসলিম বোন হিসেবে,আল্লহই তাকে হেফাজত করবেন ইনশাআল্লহ। আর না পারলে নিজের আখেতার সামলান আগে।.এক হাদিসে আছে, ‘কবিরা গুনাহগুলোর একটি হলো নিজের বাবা-মা’কে অভিশাপ করা।’ জিজ্ঞেস করা হল, আল্লাহর রাসুল! মানুষ নিজের বাবা-মা’কে কিভাবে অভিশাপ করে?’ তিনি বললেন, ‘যখন সে অন্যের বাবাকে গালি-গালাজ করে, তখন সে নিজের বাবাকেও গালি-গালাজ করে থাকে। আর সে অন্যের মা-কে গালি দেয়,",Sexual Aggression,Hate Speech,Sexual Aggression,
only_bert_correct,সেদিন রাতে যদি তোর বাপ মা ঘুমিয়ে যেতো তাহলে পদ্মা নদীর পিলারগুলো নিখোঁজ হতোনা >:(শোয়ালীর বেটি,Harassment,Sexual Aggression,Harassment,
only_bert_correct,এরা চলচিত্র শিল্পটাকে তামাসায় পরিনত করেছে।,Harassment,Neutral,Harassment,
only_bert_correct,আকাটা সোনা ভালো লাগছে তোমার,Sexual Aggression,Neutral,Sexual Aggression,
only_bert_correct,দুইটাই খুনি,Harassment,Neutral,Harassment,
only_bert_correct,হিরো আলম হিরো আলম ভাই আপনি যেখানেই থাকেন অবশ্যই আমার মেসেঞ্জারে আপনি কল দিবেন অবশ্যই আপনি আমাকে নাম্বারটা দিবেন কথা হবে কথা বলব দেখা করবেন শালা আপনার সাথে কাজ করব ইনশাল্লাহ,Harassment,Neutral,Harassment,
only_bert_correct,"আসলে হিরু আলামের কথায় রাইট,জায়েদ খান কোনো নায়ক নাকি,জায়েদ খানকে কয়জনে চিনে তার চেয়ে হিরু আলামকে অনেক বেশি চিনে সবাই।",Neutral,Harassment,Neutral,
only_bert_correct,"আপনাকে একজন আলেমের কাছে তওবা করতে হবে। সেই তওবা ভিডিও ধারণ করে ফেসবুকে ডাউনলোড করবেন। ও হ্যা এও তওবা করবেন আপনি আর এমন পাপ কাজে নিযুক্ত হবেন না, প্রতিদিন ৫ওয়াক্ত নামাজ আদায় করবেন। সাবানা,ববিতা, হ্যাপি থেকেও শিক্ষা নিতে পারেন। অগ্রিম ধন্যবাদ। আল্লাহ আপনাকে বুঝার তৌফিক দেওয়ার জন্য।",Sexual Aggression,Neutral,Sexual Aggression,
only_bert_correct,"জানোয়ার, কাফের,কাফের,কাফের",Harassment,Hate Speech,Harassment,
only_bert_correct,"তুমি মিয়া আবার আল্লাহ নাম মুখে নাও লজ্জা সরম নাই?আল্লাহ ক্ষমাশীল,দয়াবান বলেই কি তোমার মত নাস্তিকদের ছেড়ে দিবেন?একবার বল পরকালে বিশ্বাস কর না আবার নাটক করতে আসছো..তোমার পাশে যে ফালতু rj ছিলো ওই মেয়েটা কে?স্পষ্ট শুনতে পেয়েছি মেয়েটি বলতেছে বৈশাখের পান্তা ইলিশ খেয়ে নাকি ওল্টা পাল্টা প্রশ্ন করছে।এটা কোন ধরনের বেয়াদবি? ওই বেয়াদব টা কে?আজকে তোমাকে জুতা মারবে কালকে তোমাকে স্যালুট করবে এমন মানুষ আছে বোন Safa Kabir..দুনিয়া মাত্র শস্যক্ষেত্র আর আখিরাত বা পরকাল হচ্ছে আমাদের আসল ঠিকানা। মানুষ মরণশীল। বোন তোমাকে গালিগালাজ করতে আসি নি। খারাপ লাগছে অনেক কথাটা শুনে। যাক ভালমন্দ বলে থাকলে ক্ষমা করে দিও বোন।ধন্যবাদ",Violent Extremism,Harassment,Violent Extremism,
only_bert_correct,আজকে ডেলে দিতে মন চাইতেছে,Harassment,Neutral,Harassment,
only_bert_correct,"দুই দিনের তথাকথিত 'সেলিব্রেটি' হয়ে এই মহিলা ধরাকে সরাজ্ঞান করতেসে।অার এখনকার ট্রেন্ড ফলো করা হুজুগে পোলাপানগুলাও এই ধরনের ফাউল পাব্লিকদের ফলো করে স্রোতে গা ভাসাচ্ছে!বিলিভ মি,অাপনার মতো মানুষগুলার জন্য মন থেকে করুণা ছাড়া অার কিছুই অাসে না।অাল্লাহ অাপনাদের হেদায়াত দান করুন।",Harassment,Sexual Aggression,Harassment,
only_bert_correct,খানকিমাগী বৈশাখ চোদাও না তোমার হোগা দিয়ে কচুর শাক............ বৈশাখ না বল কচু শাক যা আমি তোর পাছা দিয়া....... যত্তসব নাস্তিক,Hate Speech,Sexual Aggression,Hate Speech,
only_bert_correct,কেয়ামত খুব নিকটে।আপনি তার জীবন্ত উদাহরণ।,Hate Speech,Neutral,Hate Speech,
only_bert_correct,মাগি নাস্তি হয়ে গেলি,Sexual Aggression,Hate Speech,Sexual Aggression,
only_bert_correct,"জায়দে তুই কেডা রে?. কবে অাসছোস বাংলা চলচিএে। জীবন তো নাম তো দুরে থাক তোর একটা ছবি নামও শুনি নাই।হাহাহা অাবাল চোদা।৯৬ পর অার কোন বাংলা ছবি দেখি নি।শালমান শাহ মারা যাবার পর।যাইহোক,জনাব জায়েদ যতই বড় বড় কথা বলেন অাপনারাও হিরো অালমের জনপ্রিয়তার ধারে কাছে ও নাই।",Sexual Aggression,Harassment,Sexual Aggression,
only_bert_correct,সারা বিশ্বের মানুষ চিনে.....!,Neutral,Harassment,Neutral,
only_bert_correct,মুরগী চোরের লুচ্চা মেয়ে ইংরেজদের চোদা তাই ইংলিশ ছাড়া কথাই বলতে পারেনা।,Sexual Aggression,Harassment,Sexual Aggression,
only_bert_correct,ঠিক মত কথা বলতে পারেনা জিরো আলম।,Harassment,Neutral,Harassment,
only_bert_correct,হ্যা ওতেই হবে,Neutral,Harassment,Neutral,
only_bert_correct,হেতিরে,Harassment,Neutral,Harassment,
only_bert_correct,এতের কি দোষ,Neutral,Harassment,Neutral,
only_bert_correct,আগে মুভিদেখে মানুষ মজা পেতো এখন হিরো আলমের মতো নায়ক থাকলে মজাতো দুরে থাক মানুষ মুভি দেখার কথাও ভুলে যাবে।কি বলেন।,Neutral,Harassment,Neutral,
only_bert_correct,"জাস্টিন বিবারের চামচা, বিবারের কপিবাজ,",Harassment,Neutral,Harassment,
only_tfidf_correct,কি যে খাচ্ছে মেয়েটা কে জানে দিন দিন শুকিয়ে যাচ্ছে,Neutral,Neutral,Harassment,
only_tfidf_correct,সাবান দিয়া ডলা দেইস Azhar Ahmed Nisho,Neutral,Neutral,Harassment,
only_tfidf_correct,ধন্যবাদ জনাব হিরো আলম আপনার এই সাহসি বক্তব্য দেওয়ার জন্য। এইসব অশিক্ষিত ও অপদার্থ গুলার জন্য আজকে চলচিত্রের এই অবস্থা।,Neutral,Neutral,Harassment,
only_tfidf_correct,"কবির আপ্পু,,, আপনিতো পরকাল বিশ্বাস করেন্না। তাহলে ভাইরাসকে কেন বিশ্বাস করেন?",Hate Speech,Hate Speech,Sexual Aggression,
only_tfidf_correct,সমস্ত ক্ষমতার ও দয়ার মালিক আল্লাহ। আল্লাহ কবুল করুক (আমিন)।ভালো পোস্ট করবেন আল্লাহর পক্ষ হতে ভালো প্রতিদান পাবেন।সামান্য ভালো কিছু করলেও ভালো সওয়াব পাওয়া যায়।আল্লাহ কবুল করুক।,Neutral,Neutral,Sexual Aggression,
only_tfidf_correct,সsujon roy tor mar loge acil bnp,Neutral,Neutral,Harassment,
only_tfidf_correct,বিবাহ করিতে চাইনা নাটক রাতে ইউটিউব থেকে ডাউনলোড করছি সকালে দেখবো।,Neutral,Neutral,Sexual Aggression,
only_tfidf_correct,সব ফলোয়ার বাড়ার ধান্দা,Sexual Aggression,Sexual Aggression,Harassment,
only_tfidf_correct,তুমি ক্ষমা পাইবা না। মুসলিম জাতির উপর আঘাত দিছো ছিঃ ছিঃ ছিঃ সাফা তোমাকে আমি অনেক লাইক করতাম। তোমার নাটক দেখার জন্য আমি পাগল ছিলাম আর তুমি এই কাজ করলে। ছিঃ।,Harassment,Harassment,Hate Speech,
only_tfidf_correct,"আপনি পরকালে বিশ্বাস করলে কিংবা না করলে কারোরই কিছু যাওয়া আসার কথা নয়,ধর্ম নিয়ে বারাবাড়ি করার সুযোগ নেই।আপনি আপনার কর্মের হিসাব দিবেন আর আমি আমারটা!আমরা যেটা করতে পারি তা হলো আপনার মতো সল্প জ্ঞানী,মূর্খ,গাফেলকে ত্যাগ করতে পারি!",Sexual Aggression,Sexual Aggression,Harassment,
only_tfidf_correct,"এমন জীবন তুমি করিবে গঠন , মরণে হাসিবে তুমি কাঁদিবে ভুবন।",Neutral,Neutral,Hate Speech,
only_tfidf_correct,দুদু খাওয়ান,Sexual Aggression,Sexual Aggression,Harassment,
only_tfidf_correct,বাঙ্গালীর আলগা দাড়ি আলগা মুচ লাগানোর এই অভ্যাস আর বুঝি গেলোনা,Neutral,Neutral,Harassment,
only_tfidf_correct,অবৈধ সৈরাচার হাসিনার পতন হবে ইনশাল্লাহ আজিজ,Neutral,Neutral,Violent Extremism,
only_tfidf_correct,"চুতমারানি রোজার দিনে দুই দিন আগে একটা অর্ধনগ্ন পিক দিছিল, আজকে আবার বোরকা পরা পিক, আসলেই ওরা পারে ও",Sexual Aggression,Sexual Aggression,Harassment,
only_tfidf_correct,তরে আমার কুত্তাও চুদবে না,Harassment,Harassment,Sexual Aggression,
only_tfidf_correct,"সাফা কবির অনেক বড় গুনাহ করেছেন,তার সাথে সাথে আমরাও গুনাহ করছি,সমালোচনা করে, গীবত করে, গালিগালাজ করে।আমরাতো ইসলাম এর জন্যই প্রতিবাদ করছি।তাহলে আমরা কেন গালি গালাজ করে নিজেকে এবং আমাদের ধর্মকে ছোট করছি?ইসলাম তো আমাদের গালিগালাজ করে প্রতিবাদ করতে শেখায় নি।খারাপ কিছু দিয়ে ভাল কিছু আশা করা যায় না।তাই আমরা গালিগালাজ না করি।আল্লাহ তাকে হেদায়েত দিক, সে যেন সঠিক পথে বুঝতে পারে।",Sexual Aggression,Sexual Aggression,Neutral,
only_tfidf_correct,"সময় চলে যায়...বাল পেকে যায়,মানুষ বুড়ো হয় বিচি ঝুলে যাই।কিন্তু কিছু আচোদা আবালই থেকে যায়।যেমনঃ তুইতোদের মত প্রানী আছে বলেই পৃথিবীতে এলিয়েন আসে নাএসেছি ""Meme দেখুন"" গ্রুপ থেকে",Sexual Aggression,Sexual Aggression,Harassment,
only_tfidf_correct,এসবের মানে কি এটা বাংলাদেশ না কি আমেরিকা,Harassment,Harassment,Neutral,
only_tfidf_correct,"ও যে ওর বাবা মা য়ের ঔরসের সন্তান সেটা কি ও দেখেছে? তা যদি না দেখে থাকে তাহলে সেটা ও বিশ্বাষ করে কিভাবে? ও যেটা দেখে না সেটা যদি বিশ্বাষ না করে তাহলে ওর বাবা মায়ের সন্তান ও না, তার মানে জারজ সন্তান।",Harassment,Harassment,Sexual Aggression,
only_tfidf_correct,"খাড়া যে হইছে,আর নরমাল হইতেছেই না,,কি দেখাইলি রে তুই...",Sexual Aggression,Sexual Aggression,Harassment,
only_tfidf_correct,মাইডেতে প্রথম দেইখা মাল্টারে চিনতে পারিনাই,Sexual Aggression,Sexual Aggression,Harassment,
only_tfidf_correct,তোমাল তথা তেউ তুদে না,Sexual Aggression,Sexual Aggression,Harassment,
only_tfidf_correct,সেফুদা রে ও সে ফুদা তুইতো করুন আক্রান্ত অস্ট্রেলিয়ায় তুই কথা বলিস না,Harassment,Harassment,Sexual Aggression,
only_tfidf_correct,তাশলিমা নাশরিন আরেক টা,Neutral,Neutral,Harassment,
only_tfidf_correct,সারা বিশ্ব না বলেন সৌরজগতের সবাউ চিনে।,Harassment,Harassment,Sexual Aggression,
only_tfidf_correct,হিরো আলম হউক সমালোচিত তবে জায়েদ খানের চেয়ে হিরো আলমের পরিচিতি বেশি ১০০%....,Sexual Aggression,Sexual Aggression,Neutral,
only_tfidf_correct,ধর্ষনের জন্য পোশাক দায়ী নয় এটাই সহমত হলে নিচের ছবির কি দোষ? এই ভাই নিজেকে আকর্ষণীয় করতে অনেক সুন্দর পোশাক পড়েছে।,Neutral,Neutral,Sexual Aggression,
only_tfidf_correct,তামাশা নিয়ে কোনো পোস্ট দিলেই আমার কলিজাটা ধুক করে ওঠে।কি তামশা দেখাইবো আবার কে জানেযাক মাস্কাইসেন ভালো বাট এত ঘেঁষাঘেঁষি ক্যা ব্রোসামাজিক দূরত্ব বজায় রাখুন নাহলে যদি আবার তামশার নাইকার কিছু হয় পরের তামাশা পার্ট টু কেমনে পাইবো জনগণ সো বি কেয়ারফুল ব্রো,Harassment,Harassment,Neutral,
only_tfidf_correct,তর মরন সামনে আসবে।,Violent Extremism,Violent Extremism,Hate Speech,
